,0,1,2,3
0,Senior Python Developer - Django - ONSITE in Orange County!,CyberCoders,"

San Clemente, CA

",https://job-openings.monster.com/senior-python-developer-django-onsite-in-orange-county-san-clemente-ca-us-cybercoders/224953122
1,Python/Django Developer,Computer Solution LLC,"

Manhattan, NY

",https://job-openings.monster.com/python-django-developer-manhattan-ny-us-computer-solution-llc/223918091
2,Lead Full-Stack Developer - PHP,"AbleForce, Inc.","

SAN DIEGO, CA

",https://job-openings.monster.com/lead-full-stack-developer-php-san-diego-ca-us-ableforce-inc/224260105
3,Senior PHP DevOps Engineer,Nexus Staffing LLC,"

Boston, MA

",https://job-openings.monster.com/senior-php-devops-engineer-boston-ma-us-nexus-staffing-llc/224899305
4,PHP / JavaScript Angular Full-Stack Developer - Local Bay Area Only,OSI Engineering,"

Santa Clara, CA

",https://job-openings.monster.com/php-javascript-angular-full-stack-developer-local-bay-area-only-santa-clara-ca-us-osi-engineering/223516062
5,Full Stack PHP Developer,SNI Technology,"

Centennial, CO

",https://job-openings.monster.com/full-stack-php-developer-centennial-co-us-sni-technology/224376646
6,Web Developer,Bowhead / UIC Technical Services,"

Rock Island, IL

",https://job-openings.monster.com/web-developer-rock-island-il-us-bowhead-uic-technical-services/2a2fac70-1c9d-4074-b16d-996fe150c6f9
7,"Software Developer (PHP, ASP.NET/Intermediate Level)",ASRC Federal Holding Company,"

Denver, CO

",https://job-openings.monster.com/software-developer-php-asp-net-intermediate-level-denver-co-us-asrc-federal-holding-company/1e52790c-daa4-4df1-813e-b633329a3c7c
8,Accountant II,CHRISTUS Health,"

Irving, TX

",https://job-openings.monster.com/accountant-ii-irving-tx-us-christus-health/bbf0fbf2-3772-4ba2-8c31-46aa41c4802c
9,Java Developer with Ruby on Rails,Pure Minds USA,"

San Jose, CA

",https://job-openings.monster.com/java-developer-with-ruby-on-rails-san-jose-ca-us-pure-minds-usa/224817661
10,CASE MANAGER DIRECTOR,Labette Health,"

Parsons, KS

",https://job-openings.monster.com/case-manager-director-parsons-ks-us-labette-health/224404897
11,Accounting Analysts,STS Technical Services,"

Jacksonville, FL

",https://job-openings.monster.com/accounting-analysts-jacksonville-fl-us-sts-technical-services/bac1a9a0-ecae-4ffb-b2ee-612611fd2a5f
12,Web and Application Developer,Lammico,"

        Â 


",https://job-openings.monster.com/web-application-developer-us-lammico/223919763
13,Billing Account Representative (PL),Swift Transportation,"

Phoenix, AZ

",https://job-openings.monster.com/billing-account-representative-pl-phoenix-az-us-swift-transportation/63887bbf-93a3-4ae9-ad6c-95cf3a441817
14,"Web UI Developer, Senior",Globant LLC,"

Glendale, CA

",https://job-openings.monster.com/web-ui-developer-senior-glendale-ca-us-globant-llc/224916349
15,Marketing Web Developer Internship,"Stereotaxis, Inc.","

Saint Louis, MO

",https://job-openings.monster.com/marketing-web-developer-internship-saint-louis-mo-us-stereotaxis-inc/224728508
16,Drupal Developer.  Web Content Management,IBM,"

Washington, DC

",https://job-openings.monster.com/drupal-developer-web-content-management-washington-dc-us-ibm/224738483
17,Staff Accountant,First Convenience Bank,"

Killeen, TX

",https://job-openings.monster.com/staff-accountant-killeen-tx-us-first-convenience-bank/3b0b6bc8-0f3f-49ab-8d6e-0ba4eab4fbba
18,AM QC AR Inspection,VisionWorks,"

San Antonio, TX

",https://job-openings.monster.com/am-qc-ar-inspection-san-antonio-tx-us-visionworks/f87986f4-b6ba-4156-89db-f273edb18ed6
19,Sr. Web Developer,"King Technology, Inc.","

SPRINGFIELD, IL

",https://job-openings.monster.com/sr-web-developer-springfield-il-us-king-technology-inc/213196156
20,(TEMP) Patient Acct Specialist - Biller,Oklahoma Heart Hospital,"

Oklahoma City, OK

",https://job-openings.monster.com/temp-patient-acct-specialist-biller-oklahoma-city-ok-us-oklahoma-heart-hospital/5d79509c-0f4d-49d4-b2d3-fd12801f36ab
21,Web Developer,Kelly Mitchell,"

Moorseville, NC

",https://job-openings.monster.com/web-developer-moorseville-nc-us-kelly-mitchell/60150840-baab-4174-8248-e70973f40c9e
22,Senior Front-End Web Developer (Scientific American),Springer Nature Group,"

New York, NY

",https://job-openings.monster.com/senior-front-end-web-developer-scientific-american-new-york-ny-us-springer-nature-group/223849958
23,Bookkeeper/Accounting/Assistant,SPLtrak,"

Glenview, IL

",https://job-openings.monster.com/bookkeeper-accounting-assistant-glenview-il-us-spltrak/219389232
24,Accounting Manager,Temecula 24 Hour Urgent Care,"

TEMECULA, CA

",https://job-openings.monster.com/accounting-manager-temecula-ca-us-temecula-24-hour-urgent-care/224828149
25,Inventory Accounting Manager,Sally Beauty,"

Denton, TX

",https://job-openings.monster.com/inventory-accounting-manager-denton-tx-us-sally-beauty/b5b84222-91f4-42e2-b52e-bf9d0c464f6c
