,Title,Company,Location,Link to Apply
1,REMOTE Sr. Full Stack Engineer - RoR or Python/Django/Flask/Go,CyberCoders,"

Santa Monica, CA

",https://job-openings.monster.com/remote-sr-full-stack-engineer-ror-or-python-django-flask-go-santa-monica-ca-us-cybercoders/225009504
2,Python/Django Developer,Computer Solution LLC,"

Manhattan, NY

",https://job-openings.monster.com/python-django-developer-manhattan-ny-us-computer-solution-llc/223918091
3,Lead Full-Stack Developer - PHP,"AbleForce, Inc.","

SAN DIEGO, CA

",https://job-openings.monster.com/lead-full-stack-developer-php-san-diego-ca-us-ableforce-inc/224260105
4,Full Stack PHP Developer,SNI Technology,"

Centennial, CO

",https://job-openings.monster.com/full-stack-php-developer-centennial-co-us-sni-technology/224376646
5,Web Developer,Bowhead / UIC Technical Services,"

Rock Island, IL

",https://job-openings.monster.com/web-developer-rock-island-il-us-bowhead-uic-technical-services/2a2fac70-1c9d-4074-b16d-996fe150c6f9
6,Senior PHP DevOps Engineer,Nexus Staffing LLC,"

Boston, MA

",https://job-openings.monster.com/senior-php-devops-engineer-boston-ma-us-nexus-staffing-llc/224899305
7,PHP / JavaScript Angular Full-Stack Developer - Local Bay Area Only,OSI Engineering,"

Santa Clara, CA

",https://job-openings.monster.com/php-javascript-angular-full-stack-developer-local-bay-area-only-santa-clara-ca-us-osi-engineering/223516062
8,"Software Developer (PHP, ASP.NET/Intermediate Level)",ASRC Federal Holding Company,"

Denver, CO

",https://job-openings.monster.com/software-developer-php-asp-net-intermediate-level-denver-co-us-asrc-federal-holding-company/1e52790c-daa4-4df1-813e-b633329a3c7c
9,Accounting Analysts,STS Technical Services,"

Jacksonville, FL

",https://job-openings.monster.com/accounting-analysts-jacksonville-fl-us-sts-technical-services/bac1a9a0-ecae-4ffb-b2ee-612611fd2a5f
10,Web and Application Developer,Lammico,"

         


",https://job-openings.monster.com/web-application-developer-us-lammico/223919763
11,CASE MANAGER DIRECTOR,Labette Health,"

Parsons, KS

",https://job-openings.monster.com/case-manager-director-parsons-ks-us-labette-health/224404897
12,Manager of Accounts Payable,CHRISTUS Health,"

Irving, TX

",https://job-openings.monster.com/manager-of-accounts-payable-irving-tx-us-christus-health/fcca88a4-e0fb-4104-9785-24d67ba939f4
13,Billing Account Representative (PL),Swift Transportation,"

Phoenix, AZ

",https://job-openings.monster.com/billing-account-representative-pl-phoenix-az-us-swift-transportation/63887bbf-93a3-4ae9-ad6c-95cf3a441817
14,Remote Full-Stack Web Developer,Scotts Miracle-Gro Company,"

Vancouver, WA

",https://job-openings.monster.com/remote-full-stack-web-developer-vancouver-wa-us-scotts-miracle-gro-company/3ccbd1e3-5156-4498-a621-32438dde1a6b
15,Tax Accountant,Frontier Communication,"

Norwalk, CT

",https://job-openings.monster.com/tax-accountant-norwalk-ct-us-frontier-communication/ac6e831d-fb19-48ab-a4ed-c17a2e2e668e
16,Marketing Web Developer Internship,"Stereotaxis, Inc.","

Saint Louis, MO

",https://job-openings.monster.com/marketing-web-developer-internship-saint-louis-mo-us-stereotaxis-inc/224728508
17,Website Developer / Site Manager,The Trucker Media Group,"

         


",https://job-openings.monster.com/website-developer-site-manager-us-the-trucker-media-group/225027275
18,Senior Accountant,Bimbo Bakeries,"

Horsham, PA

",https://job-openings.monster.com/senior-accountant-horsham-pa-us-bimbo-bakeries/d7c4d09c-8e0e-4739-8ae3-21622f668e1c
19,Clerk - Accounts Receivables,"Coca-Cola Bottling Company UNITED, Inc","

Birmingham, AL

",https://job-openings.monster.com/clerk-accounts-receivables-birmingham-al-us-coca-cola-bottling-company-united-inc/baf6167e-615a-4c8c-9196-84d76b2c72c8
20,Senior Cost Analyst,Kratos Defense & Security Solutions,"

Dallastown, PA

",https://job-openings.monster.com/senior-cost-analyst-dallastown-pa-us-kratos-defense-security-solutions/f07d97e2-0de7-42a9-95bc-ec2c38a63842
21,Senior Software Engineer (PHP/Node.js),Freedom Financial,"

San Mateo, CA

",https://job-openings.monster.com/senior-software-engineer-php-node-js-san-mateo-ca-us-freedom-financial/809006d6-2463-4098-8596-dc649d5313b8
22,Accounting Assistant,Weichert Realtor,"

Morris Plains, NJ

",https://job-openings.monster.com/accounting-assistant-morris-plains-nj-us-weichert-realtor/5cd7377b-16ab-4cdd-9893-dc86d8e13f32
23,"Web UI Developer, Senior",Globant LLC,"

Glendale, CA

",https://job-openings.monster.com/web-ui-developer-senior-glendale-ca-us-globant-llc/224916349
24,Senior Quality Engineer (Enterprise Internal Quality Auditor),Aerojet Rocketdyne,"

Canoga Park, CA

",https://job-openings.monster.com/senior-quality-engineer-enterprise-internal-quality-auditor-canoga-park-ca-us-aerojet-rocketdyne/a73174c6-567f-424d-a150-699ecf6be213
25,Senior Drupal Engineer/Architect - Secret Clearance Required,LRS,"

Arlington, VA

",https://job-openings.monster.com/senior-drupal-engineer-architect-secret-clearance-required-arlington-va-us-lrs/eb4837fb-9b0f-436c-9c9b-24e5803a547c
26,Financial Accounting & Reporting Co-Op,CINCINNATI BELL INC.,"

Cincinnati, OH

",https://job-openings.monster.com/financial-accounting-reporting-co-op-cincinnati-oh-us-cincinnati-bell-inc/46be48e7-3455-4dbd-a8b8-3a44dceadac4
